Workbook

Sheet 01_Нэгжийн_тайлан
A1: НЭГЖИЙН АЖИЛТНЫ УЛИРЛЫН ТАЙЛАН
A2: Практикал Даатгал ХХК | Нэгжийн ажилтны гүйцэтгэл, ирц, хөгжил, дүгнэлтийн template
A4: 1. Ажилтны үндсэн мэдээлэл
A5: Ажилтны овог, нэр | B5: Төмөрбаатар Өсөхбаяр | C5: Тайлан гаргаж буй ажилтан | D5: Т.Өсөхбаяр | E5: Албан тушаал | F5: График дизайнер | G5: Хариуцсан үүрэг | H5: Контент төлөвлөгөөний дагуу дизайн боловсруулах
A6: Тайлангийн улирал | B6: 2026 Q2 | C6: Нэгж / хэлтэс | D6: Маркетинг | E6: Тайлан өгсөн огноо | F6: 46230 | G6: Удирдлага | H6: Ц.Баярмаа
A8: 2. Гол зорилт ба биелэлтийн үнэлгээ
A9: Гол зорилт /улиралд тавьсан зорилтууд/ | B9: 2026 оны II улиралд PRACTICAL Даатгалын брэндийн визуал идентити, маркетингийн контент болон дижитал сувгийн дизайны хөгжүүлэлтийг сайжруулах зорилгын хүрээнд дараах ажлуудыг хэрэгжүүлэв. Үүнд: - PRACTICAL Life Insurance брэндийн лого, өнгөний палитр, typography, график элемент бүхий брэнд гайдлайн болон визуал систем боловсруулах; - Брэндийн нэгдсэн өнгө төрхийг хадгалах Figma эх файл, дизайн ассет, reusable template-уудыг бэлтгэх; - Даатгалын бүтээгдэхүүний борлуулалтыг дэмжих B2B болон B2C чиглэлийн постер, баннер, сурталчилгааны материал боловсруулах; - Сошиал сувгуудад зориулсан креатив постер, story, reels болон видео контентын дизайн, эх бэлтгэл хийх; - Замын хөдөлгөөний аюулгүй байдал, даатгалын мэдлэг олгох awareness campaign-ийн визуал контентуудыг хөгжүүлэх; - Байгууллагын хамтын ажиллагаа, эвент, HR болон корпоратив харилцаанд зориулсан брошур, постер, танилцуулгын материал боловсруулах; - Midjourney AI, Photoshop, Illustrator, Figma зэрэг хэрэгслүүдийг ашиглан чанартай creative asset болон маркетингийн материалууд боловсруулах; - Бүх дизайн ажлыг брэндийн стандарт, чанарын шаардлагад нийцүүлэн хугацаанд нь боловсруулж хүлээлгэн өгөх.
A11: Үзүүлэлт | B11: Төлөвлөгөө / зорилт | C11: Гүйцэтгэл | D11: Хувь / үнэлгээ | E11: Тайлбар
A12: Биелэлт (%) | B12: 1 | C12: =IFERROR(AVERAGE('02_Ажлын_жагсаалт'!I6:I100),0) -> 1 | D12: =C12 -> 1 | E12: 2-р улирлын төлөвлөгөөний дагуух ажлуудыг цаг тухайд нь чанартайгаар хийж гүйцэтгэсэн.
A13: Хугацаанд багтаасан ажлын хувь | B13: 1 | C13: =IFERROR(COUNTIF('02_Ажлын_жагсаалт'!H6:H100,"Тийм")/COUNTIF('02_Ажлын_жагсаалт'!B6:B100,"<>"),0) -> 1 | D13: =C13 -> 1 | E13: 2-р улирлын төлөвлөгөөний дагуух ажлуудыг цаг тухайд нь чанартайгаар хийж гүйцэтгэсэн.
A14: Чанарын үнэлгээ /өөрийн үнэлгээ 1-10/ | B14: 10 | C14: =IFERROR(AVERAGE('02_Ажлын_жагсаалт'!J6:J100),0) -> 10 | D14: =C14 -> 10 | E14: 2-р улирлын төлөвлөгөөний дагуух ажлуудыг цаг тухайд нь чанартайгаар хийж гүйцэтгэсэн.
A15: Нийт ажлын тоо | B15: 16 | C15: =COUNTA('02_Ажлын_жагсаалт'!B6:B100) -> 16 | D15: =C15 -> 16 | E15: 2-р улирлын төлөвлөгөөний дагуух ажлуудыг цаг тухайд нь чанартайгаар хийж гүйцэтгэсэн.
A16: Дууссан ажлын тоо | B16: 16 | C16: =COUNTIF('02_Ажлын_жагсаалт'!D6:D100,"Дууссан") -> 16 | D16: =IFERROR(C16/C15,0) -> 1 | E16: 2-р улирлын төлөвлөгөөний дагуух ажлуудыг цаг тухайд нь чанартайгаар хийж гүйцэтгэсэн.
A18: 3. Улирлын ажлын дэлгэрэнгүй тайлан
A19: Гүйцэтгэсэн ажлууд /дууссан төсөл, тайлбар/ | B19: Тайлант хугацаанд төлөвлөсөн ажлуудыг 100% биелэлттэй дуусгасан. PRACTICAL Life Insurance брэнд guideline: Лого шинэчлэлт, өнгөний палитр, паттерн бүхий 45 Figma эх файл боловсруулж, Monolithic брэнд архитектурт бүрэн нийцүүлэн хүлээлгэн өгсөн. "Даатгалтай байлаа гээд..." Safety Awareness Campaign: Хариуцлагатай жолоодлогыг дэмжсэн 9 өөр сэдэвт цуврал постерууд болон креатив арт постерийг бэлтгэж, FB ба IG орчинд нэгдмэл визуал системээр цацсан. B2B Даатгалын цуврал & Вектор Иллюстраци: "Үйлдвэрийн дарга нар эрсдэлийг хэрхэн хардаг вэ?" B2B постерууд болон ачааны машин, барилгын дуулга бүхий 5 багц вектор иллюстрацийг зурж хөгжүүлсэн. Reels/Shorts видео контентууд & App Launch Visuals: After Effects болон CapCut ашиглан аюулгүй байдлын (#SafetySharing) 11 видео контент монтажилсан болон Practical App-ын худалдааны системд цацагдсан борлуулалтын эхүүдийг бэлтгэсэн. ESG Тайлан & Корпорейт эвент: Компанийн 2025 оны ESG ба Тогтвортой хөгжлийн тайлан (17+ нүүр), MCS брошур, "Брокер 2026" эвентийн визуал эх ба 382 visual asset бэлтгэсэн.
A20: Сургалт, хөгжил, нийгмийн ажилд оролцсон мэдээ | B20: AI технологийн практик хэрэглээ: Midjourney AI хэрэгслийн ахисан шатны генерацийг Photoshop-той хослуулан 9 багц Cinematic Visual Art бэлтгэн маркетингдаа нэвтрүүлсэн. Дижитал медиа ба видео монтаж: After Effects болон CapCut программ дээр шорт видео монтаж хийх, субтитржуулах технологид суралцаж 11 видео контент болон ESG тайлангийн дизайныг гүйцэтгэсэн. Байгууллагаас зохион байгуулсан арга хэмжээнүүдэд идэвхтэй оролцсон.
A21: Сайн дурын санаачилга | B21: Дизайны визуал ассет сан (Asset Library): Цаашид маркетингийн багаас дахин ашиглах боломжтой 382 визуал ассет, 5 багц вектор иллюстрацийг эхээс нь зурж, байгууллагын дизайнерын санг үүсгэсэн.
A22: Сайжруулах шаардлагатай талууд /удирдлагын санал, зөвлөмж/
A23: Дүгнэлт /улирлын ерөнхий үнэлгээ/ | B23: Тайлант улирлын хугацаандМаркетинг, брэнд визуал дизайн чиглэлээр төлөвлөгдсөн ажлын даалгавруудыг цаг тухайд нь чанартай гүйцэтгэсэн байна. Брэнд гайдлайн, ESG тайлан зэрэг маркетингийн томоохон ажлуудыг чанартай хийхийн сацуу Practical Mobile App UI/UX сайжруулалт, Вебсайт нэгтгэл, Агент системийн шаардлага тодорхойлох болон Брэнд Маскот UI интеграци зэрэг дижитал бүтээгдэхүүний систем хөгжүүлэлтэд өндөр ахиц гаргаж, сайн дурын санаачилгатай, амжилттай ажилласан гэж дүгнэж байна.
A25: 4. Ирц, амралт, гарын үсэг
A26: Хоцролт /минут/ | B26: 0 | C26: Таслалт /өдөр/ | D26: 0 | E26: Ээлжийн амралт эдэлсэн байдал /өдөр/ | F26: 0 | G26: Тайлан өгсөн огноо | H26: 46230
A28: Ажилтны гарын үсэг | C28: Удирдлагын гарын үсэг | E28: Огноо

Sheet 99_Сонголтууд
A1: Төлөв | B1: Улирал | C1: Үнэлгээ | D1: Хугацаандаа эсэх
A2: Дууссан | B2: 2026 Q1 | C2: 1 | D2: Тийм
A3: Явагдаж байна | B3: 2026 Q2 | C3: 2 | D3: Үгүй
A4: Хүлээгдэж байна | B4: 2026 Q3 | C4: 3
A5: Хойшлогдсон | B5: 2026 Q4 | C5: 4
A6: Цуцлагдсан | B6: 2027 Q1 | C6: 5
B7: 2027 Q2 | C7: 6
B8: 2027 Q3 | C8: 7
B9: 2027 Q4 | C9: 8
C10: 9
C11: 10

Sheet 02_Ажлын_жагсаалт
A1: АЖЛЫН ДЭЛГЭРЭНГҮЙ ЖАГСААЛТ
A2: Нэгжийн ажилтны улирлын гүйцэтгэлийг нотолгоотой бүртгэх хэсэг
A4: 1. Ажил, төсөл, гүйцэтгэлийн бүртгэл
A5: № | B5: Ажил / төслийн нэр | C5: Зорилттой холбоо / хариуцсан үүрэг | D5: Төлөв | E5: Эхлэх огноо | F5: Төлөвлөсөн дуусах огноо | G5: Бодит дууссан огноо | H5: Хугацаандаа эсэх | I5: Биелэлт % | J5: Чанарын өөрийн үнэлгээ /1-10/ | K5: Тайлбар / нотолгоо
A6: =IF($B6<>"",ROW()-5,"") -> 1 | B6: PRACTICAL Life Insurance брэнд гайдлайн ба визуал идентити хөгжүүлэлт | C6: Брэндийн лого шинэчлэлт, өнгөний палитр, хэв маяг, паттерн, визуал гайдлайн 45 Figma эх файл боловсруулж Monolithic брэнд архитектурт нийцүүлэх. | D6: Дууссан | E6: 46111 | F6: 46137 | G6: 46137 | H6: =IF(OR($D6="",$B6="",$F6="",$G6=""),"",IF($G6<=$F6,"Тийм","Үгүй")) -> Тийм | I6: 1 | J6: 10 | K6: Brand guidelines, Logo variations, Primary palette (Life Green, Nature Dark, Navy Blue), Typography, 45 Figma files.
A7: =IF($B7<>"",ROW()-5,"") -> 2 | B7: MCS Группт зориулсан Тээврийн хэрэгслийн даатгалын тусгай брошур | C7: MCS группийн ажилтнуудын тээврийн хэрэгслийн даатгалын нөхцөл, салбаруудын байршил, 5 сая тутмын эрсдэлийн хамгаалалтын брошурын эх бэлтгэл. | D7: Дууссан | E7: 46115 | F7: 46115 | G7: 46115 | H7: =IF(OR($D7="",$B7="",$F7="",$G7=""),"",IF($G7<=$F7,"Тийм","Үгүй")) -> Тийм | I7: 1 | J7: 10 | K7: MCS корпорацийн түншлэлд зориулсан брошур илгээгдсэн.
A8: =IF($B8<>"",ROW()-5,"") -> 3 | B8: Эрүүл мэндийн хамтын ажиллагаа болон PR постерууд | C8: Топаз эмнэлэг, Альфамедикал Сэргээн засах төвтэй хамтран ажиллах гэрээ, брэнд хамтын ажиллагаа болон шагнал хүртсэн тухай постер бэлтгэх. | D8: Дууссан | E8: 46115 | F8: 46115 | G8: 46115 | H8: =IF(OR($D8="",$B8="",$F8="",$G8=""),"",IF($G8<=$F8,"Тийм","Үгүй")) -> Тийм | I8: 1 | J8: 10 | K8: Эмнэлгүүдийн түншлэлийн баннер ба сошиал постерууд нийтлэгдсэн.
A9: =IF($B9<>"",ROW()-5,"") -> 4 | B9: 2025 оны Нийгмийн хариуцлага ба Тогтвортой хөгжлийн нэгдсэн тайлангийн эх бэлтгэл | C9: Компанийн 2025 оны ESG, нийгмийн хариуцлага, Ногоон даатгал, засаглал, хүний нөөцийн тайлангийн 17+ нүүр визуал дизайн, эх бэлтгэх. | D9: Дууссан | E9: 46106 | F9: 46118 | G9: 46118 | H9: =IF(OR($D9="",$B9="",$F9="",$G9=""),"",IF($G9<=$F9,"Тийм","Үгүй")) -> Тийм | I9: 1 | J9: 10 | K9: Тогтвортой хөгжлийн 2025 оны тайлангийн иж бүрэн visual эх бэлтгэл дууссан.
A10: =IF($B10<>"",ROW()-5,"") -> 5 | B10: Хүний нөөцийн "We are hiring!" болон Корпорейт урамшууллын постерууд | C10: Салбарын захирлын ажлын байрны "We are hiring!" сошиал постер болон Бодь группийн ажилтнуудад зориулсан 25% хөнгөлөлтийн постер хийх. | D10: Дууссан | E10: 46111 | F10: 46118 | G10: 46118 | H10: =IF(OR($D10="",$B10="",$F10="",$G10=""),"",IF($G10<=$F10,"Тийм","Үгүй")) -> Тийм | I10: 1 | J10: 10 | K10: HR болон B2B ажилтнуудын хөнгөлөлтийн постерууд хэвлэгдэж, нийтлэгдсэн.
A11: =IF($B11<>"",ROW()-5,"") -> 6 | B11: "Брокер хамтын ажиллагааны амжилт 2026" эвент урилга, хөтөлбөр & сошиал дизайн | C11: Брокер, байгууллагын харилцагчдын эвентэд зориулсан typography-focused layout, хар улбар шар өнгөний контрасттай invitation ба хөтөлбөрийн эх бэлтгэх. | D11: Дууссан | E11: 46113 | F11: 46120 | G11: 46120 | H11: =IF(OR($D11="",$B11="",$F11="",$G11=""),"",IF($G11<=$F11,"Тийм","Үгүй")) -> Тийм | I11: 1 | J11: 10 | K11: Эвент invitation (Post 53, 54), хөтөлбөрийн кардууд хэвлэмэл ба дижитал байдлаар бэлэн болсон.
A12: =IF($B12<>"",ROW()-5,"") -> 7 | B12: B2B Даатгалын бүтээгдэхүүний танилцуулга постер цуврал (Ачаа тээвэр, Бизнес тасалдлын даатгал) | C12: "Үйлдвэрийн дарга нар эрсдэлийг хэрхэн хардаг вэ?" цувралын Ачаа тээврийн даатгал, Бизнес тасалдлын даатгалын B2B постерууд бэлтгэх. | D12: Дууссан | E12: 46099 | F12: 46164 | G12: 46164 | H12: =IF(OR($D12="",$B12="",$F12="",$G12=""),"",IF($G12<=$F12,"Тийм","Үгүй")) -> Тийм | I12: 1 | J12: 10 | K12: B2B харилцагчдад зориулсан цуврал постерууд нийтлэгдсэн. Campaign ажил тул 7 хоног бүр бэлддэг байсан.
A13: 8 | B13: 5-р сарын Креатив фото арт хөгжүүлэлт ба Midjourney AI хэрэгслийн ахисан шатны фото хөгжүүлэлт | C13: Midjourney AI болон Photoshop ашиглан 9 багц creative content нийлүүлсэн. | D13: Дууссан | E13: 46155 | F13: 46167 | G13: 46167 | H13: =IF(OR($D13="",$B13="",$F13="",$G13=""),"",IF($G13<=$F13,"Тийм","Үгүй")) -> Тийм | I13: 1 | J13: 10 | K13: 10+ постер ба стори контент сошиал сувгуудаар цацагдсан.
A14: =IF($B14<>"",ROW()-5,"") -> 9 | B14: B2B чиглэлийн Даатгалын вектор иллюстраци болон ассетууд зурах | C14: Ачааны машин, суудлын тэрэг, агуулахын хайрцаг, дуулга, барилгын 5 багц вектор иллюстраци эх зурж боловсруулах. | D14: Дууссан | E14: 46120 | F14: 46162 | G14: 46162 | H14: =IF(OR($D14="",$B14="",$F14="",$G14=""),"",IF($G14<=$F14,"Тийм","Үгүй")) -> Тийм | I14: 1 | J14: 10 | K14: 5 эх иллюстраци бэлдэж, цуврал реклам poster-уудад ашигласан. Campaign ажил тул 7 хоног бүр бэлддэг байсан.
A15: =IF($B15<>"",ROW()-5,"") -> 10 | B15: "Даатгалтай байлаа гээд..." Safety Awareness Campaign цуврал постерууд | C15: Хурд хэтрүүлэх, утсаар ярих, дохио өгөхгүй байх, гэрэл шилжүүлэхгүй байхын эсрэг 9 өөр сэдэвт хариуцлагатай жолоодлогын постерууд. | D15: Дууссан | E15: 46101 | F15: 46164 | G15: 46164 | H15: =IF(OR($D15="",$B15="",$F15="",$G15=""),"",IF($G15<=$F15,"Тийм","Үгүй")) -> Тийм | I15: 1 | J15: 10 | K15: Facebook & Instagram орчны unified campaign visual system цацагдсан. Campaign ажил тул 7 хоног бүр бэлддэг байсан.
A16: =IF($B16<>"",ROW()-5,"") -> 11 | B16: Perspective & Cinematic visual style бүхий сошиал постер болон story контентууд | C16: Жолоочийн бодит орчны perspective зураглал, cinematic өнгө бүхий FB post (64, 69, 139, 140, 141, 142, 182, 183, 191, 192) ба IG story-нууд. | D16: Дууссан | E16: 46104 | F16: 46171 | G16: 46171 | H16: =IF(OR($D16="",$B16="",$F16="",$G16=""),"",IF($G16<=$F16,"Тийм","Үгүй")) -> Тийм | I16: 1 | J16: 10 | K16: 10+ постер ба стори контент сошиал сувгуудаар цацагдсан.
A17: =IF($B17<>"",ROW()-5,"") -> 12 | B17: Замын хөдөлгөөний аюулгүй байдлын креатив арт постер | C17: Замын хөдөлгөөний эрсдэлээс урьдчилан сэргийлэх хамгаалалтын санааг хөөсөн хамгаалалттай авто машины концепцоор бүтээлчээр бэлтгэх. | D17: Дууссан | E17: 46129 | F17: 46155 | G17: 46155 | H17: =IF(OR($D17="",$B17="",$F17="",$G17=""),"",IF($G17<=$F17,"Тийм","Үгүй")) -> Тийм | I17: 1 | J17: 10 | K17: Creative poster campaign амжилттай бэлтгэгдэж нийтлэгдсэн.
A18: =IF($B18<>"",ROW()-5,"") -> 13 | B18: Авто даатгал (Найдвартай, Ухаалаг, Хялбар) дижитал борлуулалтын постерууд | C18: 1.5%, 2.5% хураамжийн хувьтай, 10 сая, 2 сая нөхөн төлбөрийн нөхцөлтэй авто даатгалын сошиал борлуулалтын visual контентууд. | D18: Дууссан | E18: 46127 | F18: 46132 | G18: 46132 | H18: =IF(OR($D18="",$B18="",$F18="",$G18=""),"",IF($G18<=$F18,"Тийм","Үгүй")) -> Тийм | I18: 1 | J18: 10 | K18: Дижитал борлуулалтыг дэмжих борлуулалтын постерууд цацагдсан.
A19: =IF($B19<>"",ROW()-5,"") -> 14 | B19: Reels & Шорт видео контентуудын эх бэлтгэл, видео монтаж (CapCut, After Effects) | C19: Замын аюулгүй байдал, түймрийн аюулаас сэргийлэх (#SafetySharing) 5 видео/reels контентын эх бэлтгэх, субтитр болон видео монтаж хийх. | D19: Дууссан | E19: 46108 | F19: 46171 | G19: 46171 | H19: =IF(OR($D19="",$B19="",$F19="",$G19=""),"",IF($G19<=$F19,"Тийм","Үгүй")) -> Тийм | I19: 1 | J19: 10 | K19: 11 Reels видео бэлдэж монтажлан сошиал сувгуудад байршуулсан.
A20: =IF($B20<>"",ROW()-5,"") -> 15 | B20: Фото графикийн ассетууд ба эх файл бэлтгэл (Photoshop, Figma, Ai) | C20: Тайлант хугацаанд 382 visual asset, 239 драфт макет, 29 Photoshop эх бэлтгэл, 19 published design-ийг чанартай хийж дуусгах. | D20: Дууссан | E20: 46097 | F20: 46141 | G20: 46141 | H20: =IF(OR($D20="",$B20="",$F20="",$G20=""),"",IF($G20<=$F20,"Тийм","Үгүй")) -> Тийм | I20: 1 | J20: 10 | K20: Нийт 160 цаг, 20 ажлын өдөрт төлөвлөсөн бүх ассет, эх файлуудыг 100% хүлээлгэн өгсөн.
A21: =IF($B21<>"",ROW()-5,"") -> 16 | B21: Practical app launch poster | C21: Practical application appstore, playstore дээр release хийсэнтэй холбоотой poster | D21: Дууссан | E21: 46150 | F21: 46150 | G21: 46150 | H21: =IF(OR($D21="",$B21="",$F21="",$G21=""),"",IF($G21<=$F21,"Тийм","Үгүй")) -> Тийм | I21: 1 | J21: 10 | K21: Дижитал борлуулалтыг дэмжих борлуулалтын постерууд цацагдсан.
A22: =IF($B22<>"",ROW()-5,"") | H22: =IF(OR($D22="",$B22="",$F22="",$G22=""),"",IF($G22<=$F22,"Тийм","Үгүй"))
A23: =IF($B23<>"",ROW()-5,"") | H23: =IF(OR($D23="",$B23="",$F23="",$G23=""),"",IF($G23<=$F23,"Тийм","Үгүй"))
A24: =IF($B24<>"",ROW()-5,"") | H24: =IF(OR($D24="",$B24="",$F24="",$G24=""),"",IF($G24<=$F24,"Тийм","Үгүй"))
A25: =IF($B25<>"",ROW()-5,"") | H25: =IF(OR($D25="",$B25="",$F25="",$G25=""),"",IF($G25<=$F25,"Тийм","Үгүй"))
A26: =IF($B26<>"",ROW()-5,"") | H26: =IF(OR($D26="",$B26="",$F26="",$G26=""),"",IF($G26<=$F26,"Тийм","Үгүй"))
A27: =IF($B27<>"",ROW()-5,"") | H27: =IF(OR($D27="",$B27="",$F27="",$G27=""),"",IF($G27<=$F27,"Тийм","Үгүй"))
A28: =IF($B28<>"",ROW()-5,"") | H28: =IF(OR($D28="",$B28="",$F28="",$G28=""),"",IF($G28<=$F28,"Тийм","Үгүй"))
A29: =IF($B29<>"",ROW()-5,"") | H29: =IF(OR($D29="",$B29="",$F29="",$G29=""),"",IF($G29<=$F29,"Тийм","Үгүй"))
A30: =IF($B30<>"",ROW()-5,"") | H30: =IF(OR($D30="",$B30="",$F30="",$G30=""),"",IF($G30<=$F30,"Тийм","Үгүй"))
A31: =IF($B31<>"",ROW()-5,"") | H31: =IF(OR($D31="",$B31="",$F31="",$G31=""),"",IF($G31<=$F31,"Тийм","Үгүй"))
A32: =IF($B32<>"",ROW()-5,"") | H32: =IF(OR($D32="",$B32="",$F32="",$G32=""),"",IF($G32<=$F32,"Тийм","Үгүй"))
A33: =IF($B33<>"",ROW()-5,"") | H33: =IF(OR($D33="",$B33="",$F33="",$G33=""),"",IF($G33<=$F33,"Тийм","Үгүй"))
... A100: =IF($B100<>"",ROW()-5,"") | H100: =IF(OR($D100="",$B100="",$F100="",$G100=""),"",IF($G100<=$F100,"Тийм","Үгүй"))

Sheet 03_Заавар
A1: ТАЙЛАН АШИГЛАХ ТОВЧ ЗААВАР
A2: Бөглөх нүднүүд улбар шар дэвсгэртэй. Ажлын жагсаалтаас хураангуй үзүүлэлтүүд автоматаар тооцогдоно.
A4: Өнгөний тайлбар
A5: Оруулах нүд | B5: Ажилтан бөглөх талбар
A6: Томьёотой нүд | B6: Автоматаар тооцогдох талбар
A7: Анхаарах үзүүлэлт | B7: Хугацаа хэтэрсэн эсвэл биелэлт бага үед өнгөөр ялгарна
A9: Бөглөх дараалал
A10: 1. | B10: 01_Нэгжийн_тайлан sheet дээр ажилтны үндсэн мэдээлэл, гол зорилт, дүгнэлт хэсгийг бөглөнө.
A11: 2. | B11: 02_Ажлын_жагсаалт sheet дээр улирлын ажлуудыг нэг бүрчлэн оруулна.
A12: 3. | B12: Биелэлт %, хугацаандаа эсэх, чанарын үнэлгээ нь 01_Нэгжийн_тайлан sheet дээр автоматаар хураангуйлагдана.
A13: 4. | B13: Гарын үсгийн хэсэг, тайлан өгсөн огноог хадгалахаас өмнө шалгана.
